<?xml version="1.0" encoding="UTF-8"?>
<project-private xmlns="http://www.netbeans.org/ns/project-private/1">
    <editor-bookmarks xmlns="http://www.netbeans.org/ns/editor-bookmarks/2" lastBookmarkId="0"/>
    <open-files xmlns="http://www.netbeans.org/ns/projectui-open-files/2">
        <group>
            <file>file:/home/sir-berg/NetBeansProjects/Pratica02%20-%20SocketsUDP/src/exercicio03/Cliente.java</file>
            <file>file:/home/sir-berg/NetBeansProjects/Pratica02%20-%20SocketsUDP/src/exercicio03/Servidor.java</file>
            <file>file:/home/sir-berg/NetBeansProjects/Pratica02%20-%20SocketsUDP/src/exercicio03/Interpretador.java</file>
            <file>file:/home/sir-berg/NetBeansProjects/Pratica02%20-%20SocketsUDP/src/exercicio03/IDNS.java</file>
            <file>file:/home/sir-berg/NetBeansProjects/Pratica02%20-%20SocketsUDP/src/exercicio03/DNSImple.java</file>
        </group>
    </open-files>
</project-private>
