Concurso;1Dezena;2Dezena;3Dezena;4Dezena;5Dezena;6Dezena
1;41;5;4;52;30;33
2;9;39;37;49;43;41
3;36;30;10;11;29;47
;;;;;;
4;6;59;42;27;1;5
5;1;19;46;6;16;2
6;19;40;7;13;22;47
7;56;38;21;20;3;5
8;53;17;38;4;47;37
9;55;43;56;54;8;60
10;25;4;18;57;21;38
11;25;15;58;37;59;38
12;20;27;43;16;19;4
13;47;32;50;54;18;56
14;16;2;27;47;23;53
15;60;12;33;52;35;51
16;60;58;49;32;20;34
17;10;20;6;19;51;13
18;37;36;56;27;42;23
19;5;25;12;10;60;24
20;25;28;30;33;51;11
21;49;46;6;53;33;36
22;9;38;56;1;31;46
23;17;52;51;59;39;37
24;1;8;14;28;33;43
25;56;50;55;54;24;43
26;50;53;57;10;58;22
27;44;33;13;51;17;20
28;60;6;22;3;24;54
29;14;56;58;8;43;3
30;38;50;7;29;15;14
31;56;19;28;48;17;45
32;43;33;14;36;5;44
33;5;33;49;17;42;39
34;15;13;57;53;40;17
35;21;57;16;23;54;4
36;13;3;51;17;29;25
37;22;6;7;52;38;60
38;55;42;10;43;45;54
39;16;37;45;52;56;12
40;3;12;46;5;47;8
41;38;26;35;39;12;47
42;24;36;19;33;7;11
43;2;58;25;6;26;17
44;47;38;18;14;29;44
45;30;7;37;55;44;53
46;32;46;1;60;24;23
47;35;17;3;48;25;56
48;47;5;34;28;2;50
49;33;7;43;35;13;55
50;57;44;21;16;58;6
51;23;24;42;25;17;47
52;58;15;59;30;38;46
53;42;13;3;46;38;16
54;5;21;9;56;18;36
;;;;;;
55;29;2;14;38;23;52
56;51;35;59;7;20;2
57;27;17;16;34;7;59
58;30;49;27;37;12;44
59;28;13;34;2;8;54
60;38;14;21;15;3;20
61;59;8;18;29;42;44
62;52;13;6;24;8;31
63;26;9;41;49;25;40
64;8;54;50;60;23;12
65;20;1;5;32;25;34
66;15;26;12;33;48;13
67;47;14;27;52;17;12
68;53;13;3;1;12;59
69;56;58;34;53;25;45
70;40;17;23;43;27;58
71;53;16;45;43;33;27
72;19;48;43;1;34;44
73;57;25;45;28;51;26
74;2;24;34;50;38;37
75;36;49;37;35;24;21
76;33;18;23;8;17;53
77;29;54;40;57;49;21
78;22;32;46;12;25;31
79;43;25;2;13;31;17
80;51;40;37;23;48;28
81;47;41;10;60;54;23
82;51;36;53;29;18;15
83;24;16;4;42;57;15
84;10;34;4;6;25;40
85;47;15;30;37;45;6
86;54;21;6;34;36;22
87;40;4;28;32;11;5
88;45;37;29;4;43;18
89;59;42;34;13;44;55
90;21;26;40;54;9;52
91;60;4;10;35;39;2
92;5;23;51;3;1;24
93;22;53;31;28;2;36
94;28;51;55;18;52;8
95;46;60;6;40;50;45
96;4;42;58;26;7;40
97;56;53;11;14;5;35
98;43;33;14;31;35;13
99;30;33;24;11;46;60
100;46;48;30;14;29;51
101;39;1;37;31;29;18
102;44;42;37;56;19;20
103;9;1;57;7;54;49
104;13;1;38;21;52;4
105;3;13;31;43;46;49
106;24;16;38;5;39;35
107;2;24;52;4;16;51
108;60;29;34;24;21;59
109;54;13;44;49;48;1
110;57;58;18;31;43;52
111;52;32;4;33;25;22
112;37;43;34;20;12;42
113;34;54;26;28;55;7
114;47;54;18;6;12;37
115;6;14;24;20;4;38
116;36;42;32;5;13;51
117;53;42;27;20;33;25
118;22;57;37;9;25;56
119;47;21;1;50;36;38
120;46;45;16;40;27;3
121;53;41;44;2;29;55
122;20;43;39;11;53;17
123;13;42;16;32;14;26
124;52;5;34;57;15;41
125;56;47;25;59;53;41
126;32;28;6;10;11;40
127;59;21;51;54;29;50
128;23;43;3;21;9;18
129;46;54;10;9;1;32
130;13;42;38;49;53;29
131;30;9;17;27;4;44
132;44;35;50;41;9;7
133;19;57;6;39;34;5
134;60;32;25;36;52;4
135;35;40;21;59;53;22
136;17;25;45;38;1;59
137;26;15;16;22;19;49
138;41;14;37;5;40;27
139;26;27;13;42;41;3
140;55;31;46;44;41;7
141;10;22;42;13;41;58
142;20;59;19;54;15;8
143;40;18;6;20;50;53
144;8;32;44;36;45;55
145;43;15;41;51;16;31
146;51;34;25;60;42;32
147;24;6;38;23;28;16
148;32;55;59;41;58;35
149;11;45;48;7;28;20
150;50;44;12;55;52;54
151;3;43;16;56;52;20
152;12;5;15;51;58;29
153;47;2;31;42;45;30
154;8;10;24;33;45;48
155;12;32;44;43;35;30
156;52;23;42;17;55;49
157;17;13;4;44;41;21
158;58;43;51;14;17;4
159;16;9;50;58;11;35
160;13;42;52;58;2;54
161;25;37;30;39;6;41
162;23;33;51;38;48;21
163;41;56;27;36;53;8
164;4;19;14;10;44;28
165;39;56;19;23;10;35
166;60;57;59;13;12;22
167;1;38;48;28;11;33
168;45;2;35;9;50;31
169;52;51;37;13;21;1
170;7;51;55;41;58;46
171;54;27;4;43;40;46
172;49;36;14;26;35;10
173;29;28;49;17;42;50
174;11;52;22;23;36;59
175;10;20;13;1;42;50
176;28;4;1;45;53;3
177;35;22;39;41;59;38
178;5;27;19;26;15;33
179;6;53;5;26;27;23
180;39;6;29;60;51;23
181;33;1;55;35;51;27
182;46;60;5;10;28;3
183;16;11;7;40;44;2
184;9;60;21;16;41;34
185;59;17;22;46;43;55
186;24;26;51;25;14;23
187;6;44;58;41;36;48
188;34;42;43;46;27;17
189;41;53;38;4;31;15
190;32;40;42;21;10;5
191;58;5;41;3;1;23
192;1;60;26;41;28;54
193;12;4;11;49;43;19
194;32;42;43;25;28;33
195;17;3;44;37;9;32
196;32;17;9;14;24;7
197;19;52;29;15;12;5
198;40;23;1;18;35;8
199;52;37;57;16;10;50
200;12;15;44;34;51;19
201;55;22;5;30;35;20
202;49;53;44;12;24;45
203;11;55;44;19;29;47
204;31;41;51;39;58;29
205;26;32;54;43;46;40
206;20;26;56;18;34;51
207;19;7;3;55;24;53
208;23;15;57;24;47;25
209;13;52;32;41;21;26
210;37;58;20;38;48;32
211;10;20;40;45;50;33
212;29;57;15;45;59;6
213;3;30;9;35;23;32
;;;;;;
;;;;;;
214;30;12;6;50;35;31
215;7;58;28;53;37;46
216;35;42;59;18;30;14
;;;;;;
;;;;;;
;;;;;;
217;27;32;3;51;49;45
218;54;40;42;17;47;12
219;26;23;49;28;42;36
220;36;53;55;13;60;14
221;54;13;58;43;50;27
222;5;48;30;55;52;19
223;28;24;22;2;58;6
224;20;16;18;7;44;21
225;21;16;4;37;2;58
226;2;50;59;38;49;1
227;37;26;27;42;11;48
228;16;40;45;59;43;13
229;39;45;11;21;33;13
230;56;44;41;40;8;53
231;16;59;27;42;44;36
232;29;19;41;22;37;59
233;45;3;24;36;7;32
;;;;;;
;;;;;;
;;;;;;
;;;;;;
234;15;45;54;25;42;41
235;29;41;55;2;31;22
236;10;52;50;57;25;60
237;36;7;45;31;56;57
238;15;9;41;13;37;42
;;;;;;
;;;;;;
;;;;;;
239;33;21;44;46;47;6
240;59;28;25;41;57;38
241;11;57;40;35;56;31
242;22;7;4;21;28;56
243;20;47;23;32;16;11
244;19;60;50;24;47;33
245;44;51;27;53;8;60
;;;;;;
;;;;;;
246;2;57;32;43;16;37
247;34;3;30;10;23;46
248;56;16;34;41;35;32
249;21;55;54;40;36;49
250;55;25;41;42;43;7
251;34;15;23;55;49;30
252;17;54;4;51;32;26
;;;;;;
253;12;11;56;44;24;37
254;4;30;56;21;22;1
255;32;44;55;19;20;16
256;21;52;34;26;2;32
257;28;5;1;34;4;19
258;12;60;54;7;55;50
259;20;43;33;13;15;58
260;43;4;60;59;6;33
261;5;54;20;56;30;16
262;53;60;48;20;58;11
263;8;50;26;9;53;43
264;5;25;31;13;1;33
;;;;;;
265;7;50;53;16;41;34
266;38;54;48;23;2;46
267;58;1;45;55;8;46
268;21;10;47;6;5;33
269;19;18;52;25;17;49
270;45;27;35;40;5;9
271;14;31;54;29;26;24
272;36;58;9;10;56;24
273;47;52;10;27;23;17
274;11;39;47;18;13;26
275;16;30;19;38;48;37
276;53;59;39;45;22;57
277;40;26;38;4;56;52
278;22;10;18;55;15;31
279;31;59;4;58;23;47
280;5;16;30;25;58;20
281;11;5;47;31;53;38
282;33;24;36;9;14;23
283;48;34;28;54;25;42
284;8;36;14;32;30;7
285;50;56;41;12;32;37
286;44;37;56;29;47;35
287;60;47;3;33;25;13
288;50;9;18;11;6;17
289;36;6;30;20;7;25
290;57;30;7;25;40;26
291;22;16;5;41;18;17
292;24;34;53;45;23;13
293;6;12;35;5;28;7
294;28;45;41;22;57;25
;;;;;;
295;24;44;7;31;12;50
296;20;51;42;3;52;46
297;20;28;41;1;33;36
298;22;34;24;23;5;60
299;7;5;2;53;33;49
300;27;57;41;38;28;24
301;58;26;49;57;48;9
302;25;40;12;60;30;41
303;7;13;30;37;47;17
304;42;7;11;34;59;41
305;11;5;27;60;38;53
306;30;19;57;41;56;47
307;26;17;13;41;16;44
308;55;25;4;11;29;39
309;39;50;25;55;11;4
310;28;14;29;2;31;32
311;32;22;24;41;30;38
312;14;30;50;41;47;23
313;14;38;53;24;16;37
314;5;32;40;58;37;34
315;50;21;43;12;28;22
316;28;51;56;6;24;43
317;27;20;48;16;30;35
318;19;53;40;3;31;20
319;12;16;23;17;19;48
320;20;53;47;50;22;27
321;11;31;32;48;49;4
322;18;11;29;44;47;56
323;31;49;54;33;26;40
324;22;8;30;15;47;25
325;4;23;3;1;21;53
;;;;;;
326;52;23;40;51;44;21
327;46;38;29;33;32;48
328;51;5;23;7;14;21
329;24;11;40;12;35;10
330;2;4;23;37;14;51
331;27;1;35;20;37;13
332;28;23;42;29;44;34
333;35;27;53;44;52;4
334;41;26;51;14;24;23
;;;;;;
335;43;33;57;23;59;7
336;2;18;54;22;30;26
337;31;52;14;54;16;4
338;48;46;9;1;36;4
339;13;16;12;5;27;50
340;10;60;42;9;33;12
341;56;23;22;43;16;5
342;29;49;54;51;16;34
343;4;6;7;24;12;41
;;;;;;
344;33;36;12;35;10;14
345;56;11;58;46;51;22
346;56;7;46;60;41;12
347;26;10;52;1;12;48
348;39;40;33;52;19;30
349;9;38;32;8;54;28
350;23;30;43;10;15;57
351;15;16;59;60;24;41
352;49;7;47;25;20;44
353;60;46;30;55;23;19
354;40;52;38;16;7;41
355;2;37;22;60;14;23
356;54;19;5;58;56;21
357;45;53;32;2;30;35
358;40;42;32;12;21;17
359;31;54;20;29;13;19
360;47;24;29;55;53;23
361;41;28;45;31;16;59
362;37;20;33;46;7;56
363;39;54;29;49;47;19
364;59;44;29;5;51;57
365;52;19;34;37;58;23
366;6;4;51;7;21;15
367;52;49;27;33;12;10
368;13;50;38;32;44;29
369;21;42;1;60;35;14
370;51;42;4;54;1;40
371;23;33;39;4;60;18
372;24;17;46;57;16;39
;;;;;;
373;31;33;24;10;5;1
374;54;2;26;5;44;16
375;51;9;42;5;58;1
376;25;13;10;43;35;48
377;46;19;3;45;12;27
378;55;45;48;41;5;38
379;41;55;24;59;33;40
380;47;22;13;30;31;57
381;9;56;46;28;10;55
382;54;38;53;31;37;34
383;48;22;53;56;50;14
384;28;50;47;24;40;52
385;22;12;24;18;5;16
;;;;;;
386;39;54;43;36;17;35
387;29;28;48;47;43;22
388;52;48;53;58;23;36
389;46;14;54;18;43;5
390;7;22;34;12;38;53
391;7;15;35;16;40;4
392;49;47;39;31;15;23
393;12;50;36;6;35;40
394;15;49;42;5;45;35
395;11;58;31;14;10;20
396;47;18;6;45;34;42
397;32;24;2;5;1;46
398;28;7;16;37;36;22
399;59;55;16;27;47;11
400;29;59;13;10;54;28
401;50;18;44;53;11;43
402;27;43;58;5;16;56
403;46;31;7;16;60;27
404;24;38;58;1;40;28
405;57;60;34;24;29;47
406;47;32;48;12;38;2
407;49;2;18;51;22;57
408;49;44;33;28;56;14
409;26;49;25;18;31;34
410;31;55;36;24;8;38
411;10;56;12;31;45;38
412;45;5;14;21;59;12
413;35;53;29;33;2;4
414;35;26;58;52;45;16
415;38;44;4;1;27;42
416;13;1;23;56;54;33
417;25;7;12;21;42;34
418;45;8;32;49;15;52
;;;;;;
419;41;42;52;53;16;9
420;43;12;59;30;57;29
421;38;45;35;37;5;51
422;60;12;56;37;55;43
423;8;22;33;40;32;53
424;29;36;27;18;59;46
425;6;16;10;34;47;42
426;7;32;54;50;30;37
427;51;13;43;24;3;14
428;60;8;32;28;46;30
429;55;32;17;36;26;43
430;50;21;10;25;38;8
431;58;26;40;37;47;52
432;50;17;13;27;4;39
433;36;17;28;16;54;30
434;24;17;4;54;30;10
435;37;11;17;31;43;10
436;1;6;57;29;48;7
437;54;10;59;44;30;7
438;38;48;14;3;11;5
439;42;13;20;29;43;57
440;46;23;30;47;5;3
441;2;15;58;10;59;21
442;15;31;23;6;59;37
443;11;36;17;26;52;48
444;48;52;57;24;3;33
445;31;50;7;53;32;20
446;11;20;8;47;12;17
;;;;;;
447;24;55;15;33;25;42
448;5;3;52;45;9;51
449;34;56;24;1;49;8
450;59;51;13;1;9;50
451;23;18;31;17;53;28
452;54;11;51;16;36;30
453;58;52;8;34;20;23
454;4;17;42;56;46;24
455;50;15;17;2;14;59
456;17;40;22;27;33;3
457;48;15;24;27;17;32
;;;;;;
;;;;;;
458;43;53;13;32;34;24
459;43;17;8;15;49;39
460;19;55;30;23;37;49
461;30;17;20;29;15;60
462;27;48;17;19;26;22
463;7;18;2;45;3;53
464;6;33;45;38;24;50
465;46;31;1;57;22;51
466;28;16;45;29;30;11
467;38;21;8;22;18;60
468;23;6;25;39;51;5
469;29;47;42;21;13;26
;;;;;;
470;51;58;23;11;8;37
471;51;59;31;5;36;32
472;12;3;38;29;51;4
473;51;7;58;49;23;41
474;34;3;12;50;32;40
475;19;6;43;52;8;22
476;38;43;20;55;17;58
477;47;34;8;6;18;38
;;;;;;
;;;;;;
478;30;8;31;3;21;25
479;20;54;58;26;41;46
480;36;38;33;14;49;41
481;42;6;24;44;22;13
;;;;;;
;;;;;;
482;13;56;12;33;53;54
483;16;23;35;18;44;59
484;53;19;38;18;17;49
485;38;28;52;30;19;57
486;50;42;19;8;30;14
487;25;22;48;52;54;8
;;;;;;
488;30;39;35;43;15;57
489;28;36;17;53;33;59
490;5;11;29;54;23;58
491;22;43;15;55;9;1
492;57;2;15;6;56;18
493;54;20;3;18;42;24
494;28;32;49;53;18;20
495;36;15;60;8;29;49
496;41;20;19;29;59;10
497;9;41;32;13;58;20
498;49;28;2;6;57;50
499;59;1;11;5;44;4
500;35;21;54;29;38;36
501;34;27;56;28;16;39
502;50;7;33;21;24;13
;;;;;;
503;10;21;48;27;49;7
504;39;19;11;8;50;30
505;47;20;52;3;46;28
506;31;37;34;15;38;4
507;44;58;5;27;33;3
;;;;;;
508;46;56;5;15;45;10
509;32;55;34;35;28;33
510;30;45;58;1;4;41
;;;;;;
511;8;36;34;37;3;4
512;8;40;58;4;53;31
;;;;;;
;;;;;;
513;46;10;27;19;33;39
514;15;52;40;36;51;42
515;39;16;57;15;45;48
516;24;5;34;13;35;33
517;51;32;8;28;38;7
518;44;8;5;15;18;10
519;9;36;15;19;42;22
520;32;34;17;35;9;12
521;28;32;38;25;15;45
522;49;52;15;25;14;6
523;45;58;40;39;28;44
524;47;29;34;48;19;41
525;26;32;24;49;8;10
;;;;;;
526;3;59;21;36;55;31
527;17;14;50;52;6;26
528;34;28;37;12;8;31
529;56;45;13;33;38;1
;;;;;;
;;;;;;
;;;;;;
;;;;;;
;;;;;;
;;;;;;
;;;;;;
;;;;;;
;;;;;;
;;;;;;
;;;;;;
;;;;;;
;;;;;;
;;;;;;
530;32;21;25;1;6;49
531;3;1;35;7;18;50
532;13;4;12;53;9;52
533;27;18;13;59;21;53
534;48;57;23;8;31;3
535;49;14;47;56;6;28
536;14;22;25;15;37;23
537;37;3;19;34;39;7
538;45;43;56;25;52;3
539;16;50;55;6;47;19
540;22;4;30;44;28;49
541;58;57;27;13;49;52
542;49;4;19;28;35;6
543;35;54;37;42;49;46
544;11;33;56;47;17;34
545;43;35;57;29;40;17
546;46;4;54;17;13;5
547;4;59;13;53;28;30
548;51;49;14;47;59;58
549;13;51;58;22;46;8
550;17;56;16;38;39;45
551;56;48;57;21;12;46
552;22;54;52;47;49;9
553;43;46;58;53;54;4
554;47;29;31;15;60;42
555;49;5;23;33;45;31
556;8;45;30;33;17;10
557;18;49;38;23;8;12
558;59;57;7;58;31;14
559;53;25;36;13;17;6
560;32;18;11;30;2;58
561;39;49;36;20;55;1
562;37;35;23;16;57;55
563;34;8;23;44;51;5
564;38;13;32;20;10;49
565;31;37;35;7;45;34
566;17;6;20;18;13;37
567;57;58;11;38;41;31
568;25;41;17;29;13;22
569;32;15;14;9;3;57
570;35;32;36;33;51;15
571;14;31;12;13;51;50
572;33;3;20;60;9;16
573;59;29;17;6;40;22
574;32;23;2;10;44;17
575;18;29;21;48;35;5
;;;;;;
576;18;43;52;39;7;8
577;31;47;28;23;8;24
578;48;3;58;18;56;23
579;15;34;39;17;4;9
580;38;16;18;28;15;47
581;30;25;52;14;39;17
582;13;40;29;59;45;51
583;55;6;41;20;43;7
584;30;53;23;7;32;8
585;24;39;12;33;57;36
586;45;38;13;11;54;39
587;30;2;36;18;60;29
588;45;13;46;55;53;11
589;13;7;33;59;6;8
590;25;51;5;18;4;28
591;58;3;18;50;34;1
592;55;14;59;47;13;42
593;27;29;1;59;25;49
594;10;53;55;29;13;47
595;54;2;43;1;50;25
596;43;60;28;11;54;14
597;42;40;27;22;56;29
598;5;16;53;38;50;34
;;;;;;
599;6;45;51;9;23;4
600;18;39;54;34;31;16
601;37;19;29;30;10;22
602;38;60;13;7;55;46
603;4;8;11;29;12;44
604;41;49;51;25;15;46
605;44;52;53;4;49;24
606;41;6;23;55;32;35
607;6;59;11;27;19;41
608;30;6;37;19;24;13
609;15;2;59;60;6;58
610;25;49;30;43;47;45
611;22;21;33;16;48;49
612;55;33;15;50;53;18
613;54;55;13;44;6;19
614;60;31;12;48;57;16
615;27;31;8;10;51;5
616;24;16;26;54;12;2
617;25;5;49;36;33;3
;;;;;;
618;60;10;3;8;24;13
619;16;12;46;14;8;19
620;22;1;29;13;32;3
621;29;31;50;26;57;49
622;59;27;19;29;50;38
623;42;23;55;30;9;49
624;39;23;34;52;8;43
625;59;12;32;42;24;40
626;49;8;22;18;7;39
627;19;13;45;58;56;1
628;8;16;22;56;58;30
629;40;47;39;16;51;15
630;16;53;20;60;12;45
631;1;28;47;20;44;32
632;2;54;48;51;19;28
633;27;46;5;50;11;22
634;13;41;24;42;10;56
635;49;42;37;8;20;26
636;30;32;34;50;28;26
637;52;58;43;48;11;18
638;42;10;50;41;11;36
639;51;39;35;60;45;13
640;12;42;59;46;19;60
641;17;13;33;9;1;34
642;51;17;56;36;44;40
643;14;45;24;37;40;42
644;57;29;31;27;34;14
645;52;48;24;53;54;3
646;13;47;60;32;49;10
647;56;19;11;14;12;54
648;5;48;23;42;45;29
;;;;;;
;;;;;;
649;9;54;41;48;33;24
650;53;59;25;29;10;24
651;39;45;28;26;48;60
652;24;18;57;56;10;20
653;31;24;19;34;9;5
654;10;11;56;40;41;6
655;26;39;1;37;43;48
656;59;37;46;36;35;51
657;20;59;58;33;60;16
658;41;20;36;3;11;6
659;14;29;40;34;51;52
660;53;5;38;54;46;11
661;42;40;27;4;55;36
662;4;60;56;25;18;23
663;1;49;30;55;27;51
664;12;1;55;59;38;36
665;8;47;7;48;25;18
666;7;26;16;29;45;55
667;5;23;16;4;49;1
668;49;33;56;2;14;1
669;7;41;24;40;49;27
670;42;59;58;37;48;22
671;27;16;39;51;9;38
672;43;34;53;38;28;24
673;6;40;37;11;20;34
674;22;32;18;29;42;38
675;50;42;30;25;43;24
676;49;32;15;9;41;42
677;25;10;48;8;32;55
678;44;46;31;14;40;42
679;37;21;54;3;58;25
680;44;2;26;5;3;22
681;59;21;53;25;58;38
682;60;37;47;36;4;27
683;43;40;12;11;2;35
684;50;37;33;40;19;17
685;33;27;5;56;12;43
686;33;5;4;54;15;26
687;59;48;1;7;41;14
688;47;30;52;11;21;35
689;6;60;7;31;49;51
690;15;41;8;47;12;53
691;55;16;58;8;37;50
692;33;18;60;11;58;57
693;14;50;41;17;31;13
694;15;19;29;53;37;41
695;13;40;21;52;6;11
696;37;16;34;57;53;9
;;;;;;
697;53;35;32;31;28;51
698;22;8;27;43;55;12
699;53;17;50;23;54;48
700;2;3;24;40;31;14
701;13;1;31;23;60;48
702;1;56;18;58;45;57
703;30;24;2;45;11;27
704;2;27;50;34;18;4
705;3;15;11;13;26;43
706;22;10;17;7;2;60
707;51;8;1;43;10;36
;;;;;;
708;45;13;39;47;9;7
709;29;22;44;9;6;4
710;46;25;5;49;39;34
711;10;5;41;59;40;33
712;35;7;53;58;8;43
713;46;1;26;16;12;54
714;17;53;39;8;7;35
715;54;36;12;4;33;24
;;;;;;
;;;;;;
716;29;2;7;50;16;32
717;28;35;41;17;6;23
718;7;35;21;39;58;33
719;39;47;37;53;32;3
720;12;56;44;51;31;54
721;14;3;23;55;36;25
722;60;36;57;18;44;9
723;16;6;52;1;36;50
724;34;51;55;17;48;27
725;49;9;3;35;37;41
;;;;;;
726;40;47;1;5;7;37
727;14;42;12;4;59;30
728;44;42;13;8;24;32
729;33;56;18;57;43;5
730;45;15;2;54;16;50
731;35;6;15;23;28;16
732;49;19;53;50;17;6
733;12;26;31;43;46;2
734;44;45;27;29;43;54
735;40;42;15;52;38;9
736;1;21;38;41;56;49
737;33;12;24;38;11;32
738;15;30;14;42;26;54
739;6;45;56;49;35;10
740;29;47;12;50;16;28
741;26;39;27;24;59;36
742;34;17;7;41;2;50
743;54;20;32;60;25;23
744;26;46;12;23;39;4
745;21;57;37;16;43;2
746;49;12;10;57;25;1
;;;;;;
747;21;23;56;12;3;2
748;1;7;19;51;35;2
749;24;47;4;57;48;50
750;58;17;54;10;42;33
751;4;25;38;50;20;7
752;25;4;29;42;24;23
753;59;35;43;22;7;2
754;4;42;34;50;3;13
755;59;30;47;12;4;49
756;37;50;41;5;38;27
757;17;32;12;18;58;30
758;47;59;1;23;36;43
759;59;39;30;31;48;45
760;12;17;60;44;46;45
761;56;29;17;13;27;40
762;39;9;21;12;37;54
763;40;47;1;48;9;26
764;7;3;55;47;53;45
765;3;37;50;16;30;10
766;1;50;19;42;24;58
767;22;50;32;38;54;15
768;33;37;59;30;4;8
769;20;21;50;29;12;16
770;4;34;25;35;48;12
771;29;46;34;47;21;14
772;38;51;52;60;10;35
773;3;5;51;29;34;14
774;37;5;54;58;46;10
775;27;12;46;47;42;50
776;57;35;60;41;3;15
777;14;50;23;2;28;56
778;45;20;36;37;31;51
779;36;54;52;25;29;26
780;10;50;28;51;59;7
781;10;54;8;39;56;13
782;11;23;59;42;35;2
783;43;21;48;8;4;32
784;42;56;8;37;27;53
785;35;5;37;8;48;17
786;27;31;26;11;10;41
787;37;31;20;60;34;54
788;31;57;17;19;29;44
789;60;39;31;38;6;50
790;22;2;19;28;43;6
791;42;35;19;9;14;58
792;43;56;9;45;29;34
793;3;51;33;15;16;57
794;56;47;55;38;42;3
795;14;36;21;29;26;48
796;19;24;43;34;39;5
797;58;48;52;47;12;6
798;32;9;4;52;29;3
799;29;35;19;57;42;55
800;1;7;56;11;37;38
801;20;22;11;19;48;42
802;14;24;60;6;18;48
803;10;57;28;3;5;21
804;13;59;37;56;3;47
805;30;2;48;60;43;36
806;60;41;47;26;35;18
807;8;27;2;32;56;49
808;15;21;31;46;2;57
809;25;23;11;5;30;15
810;4;33;1;48;5;37
811;32;57;28;41;10;47
;;;;;;
812;57;39;54;11;38;13
813;23;15;56;46;9;45
814;11;2;46;50;8;41
815;57;50;9;39;37;19
816;21;47;40;52;30;20
817;34;43;29;30;10;52
818;44;41;22;8;9;25
819;51;5;58;46;25;19
820;17;45;32;21;10;46
;;;;;;
821;4;29;38;36;33;42
822;4;17;41;10;27;52
823;15;26;59;1;54;51
824;33;48;6;7;20;9
825;28;21;40;10;41;47
826;45;6;8;7;53;27
827;24;56;30;51;42;18
828;23;50;53;42;28;38
829;32;50;14;47;10;56
830;53;51;2;41;13;49
831;3;50;48;42;32;33
832;17;49;15;33;39;23
833;53;58;57;16;46;13
834;44;10;17;16;51;34
835;58;31;57;49;33;18
836;28;22;38;17;52;59
837;16;5;24;34;6;60
838;9;30;47;38;23;44
839;11;18;8;7;37;43
840;43;29;35;59;31;17
841;36;51;32;22;38;7
842;51;44;60;9;7;30
843;34;48;1;16;45;36
844;54;24;44;57;34;16
845;40;48;19;20;14;52
846;47;54;2;50;3;44
847;42;14;44;27;15;48
848;56;34;17;32;47;27
849;8;39;9;58;44;49
850;60;22;59;25;44;7
851;16;32;35;58;19;3
;;;;;;
;;;;;;
852;14;38;6;23;44;34
853;51;30;59;46;38;56
854;17;3;24;27;44;25
855;42;3;24;53;43;31
856;11;40;41;47;15;42
857;17;59;49;2;3;50
858;31;37;54;23;4;18
;;;;;;
859;46;47;12;57;34;9
860;22;8;17;42;44;2
861;42;40;60;59;47;39
862;19;35;12;2;11;8
863;32;53;50;57;15;24
864;31;11;33;42;57;8
865;27;23;41;51;26;53
866;36;48;27;40;5;46
867;54;26;28;19;44;10
868;57;51;21;22;25;40
869;29;42;50;51;49;27
870;52;8;43;34;40;21
871;17;5;58;1;47;10
872;18;55;58;43;31;5
873;57;59;4;34;19;30
874;59;20;52;42;44;10
875;53;18;36;58;24;20
876;4;12;41;45;60;8
877;13;15;20;31;28;36
878;37;12;43;38;11;54
879;29;10;46;35;42;28
880;51;30;49;25;37;46
881;43;24;4;51;18;56
882;42;45;44;60;41;17
883;21;37;60;32;52;53
884;22;11;2;14;39;12
885;13;4;31;33;47;51
886;50;55;37;33;59;17
887;44;12;32;21;1;34
888;50;24;40;54;52;60
889;34;54;20;39;60;24
890;9;21;22;7;17;54
891;15;22;19;35;34;16
892;1;49;52;42;19;44
893;56;53;51;26;18;3
894;37;24;44;28;20;41
895;2;55;41;43;57;58
896;31;11;41;35;22;5
897;21;57;46;22;7;43
898;4;8;3;54;45;30
;;;;;;
899;58;18;54;36;53;20
900;4;21;59;18;38;34
901;32;34;16;13;56;33
902;52;55;23;50;58;18
903;17;5;32;55;20;41
904;32;44;59;53;48;51
905;4;15;57;55;2;16
906;35;39;29;24;7;14
907;9;41;53;37;36;51
908;19;1;9;25;50;52
909;42;17;26;38;28;22
910;53;29;36;3;15;27
911;49;46;1;29;6;28
912;26;21;54;4;19;29
913;30;14;59;36;46;38
914;33;51;9;23;45;12
915;20;28;49;26;17;48
916;33;37;5;38;28;36
917;23;59;25;47;46;30
918;38;44;8;4;12;52
919;43;25;41;60;31;3
920;17;57;55;24;52;5
921;35;41;1;57;9;48
922;41;49;45;19;13;12
923;53;39;2;50;57;15
924;51;27;60;21;20;2
925;52;37;46;8;22;36
926;40;41;34;33;21;59
927;36;26;31;23;19;33
928;32;10;49;60;4;33
929;16;49;35;39;57;27
930;46;20;55;37;28;49
931;17;34;7;36;39;19
932;2;21;42;53;36;17
933;25;39;45;51;8;14
934;25;48;44;3;21;1
935;7;45;18;13;29;31
936;5;33;14;29;44;22
;;;;;;
937;22;41;2;30;21;52
938;35;15;27;57;50;59
939;6;23;19;50;37;49
940;25;33;51;31;5;37
941;11;15;10;27;60;53
942;5;52;18;8;59;42
943;47;41;58;3;23;12
944;16;58;43;37;52;59
945;44;8;59;54;4;27
946;59;1;47;5;52;12
947;33;11;3;58;14;5
948;22;44;41;46;52;54
949;44;1;51;52;41;23
950;48;59;49;41;42;23
951;49;24;39;34;55;14
952;54;11;27;18;2;30
953;55;48;1;39;16;42
954;8;5;24;18;57;33
955;35;5;32;21;33;12
;;;;;;
956;46;51;47;59;54;57
957;50;32;25;34;57;24
958;13;22;7;33;51;48
;;;;;;
;;;;;;
959;57;3;5;11;33;39
960;34;6;33;18;53;19
961;16;53;2;4;21;36
962;2;48;49;40;55;11
963;37;17;15;50;48;59
964;42;13;33;20;8;26
965;36;39;57;58;5;30
966;1;58;26;28;4;41
967;18;14;57;30;13;5
968;30;4;13;60;51;1
969;56;35;50;13;41;25
970;57;34;5;54;28;21
;;;;;;
;;;;;;
971;4;14;33;44;11;45
972;33;18;15;56;31;34
;;;;;;
;;;;;;
973;53;36;8;30;1;47
974;45;20;38;31;16;12
975;33;9;37;40;41;30
976;28;53;38;23;14;25
977;17;3;9;32;7;5
978;42;58;12;18;16;27
979;28;3;39;51;31;15
980;35;17;59;15;36;29
981;8;41;53;1;58;34
982;12;24;8;40;43;49
983;38;45;40;16;32;22
984;46;20;4;43;47;10
985;4;56;18;59;46;16
986;32;6;31;24;15;19
987;47;27;13;31;34;58
988;48;17;46;56;60;8
989;38;21;27;2;29;32
990;29;18;2;15;10;39
;;;;;;
991;8;38;60;41;15;9
992;6;8;4;1;25;28
993;26;25;42;60;5;24
994;44;40;58;29;3;20
995;4;54;55;36;16;31
996;21;23;20;7;29;15
;;;;;;
997;18;53;55;32;9;17
998;28;21;4;32;3;22
999;44;36;55;58;18;24
1000;49;58;53;39;38;29
1001;15;37;27;12;60;51
1002;3;31;7;25;40;58
1003;10;27;23;5;16;26
1004;45;47;29;40;44;43
1005;6;41;4;37;12;42
1006;48;17;4;33;55;2
1007;49;27;4;36;52;37
1008;7;15;42;48;34;13
1009;34;12;1;6;58;29
;;;;;;
1010;2;46;3;37;13;54
1011;30;2;52;21;11;35
1012;47;19;58;14;40;55
1013;7;9;20;41;12;19
1014;60;57;9;25;8;41
1015;49;8;28;3;26;17
1016;11;9;25;5;60;20
1017;31;51;19;6;56;34
1018;55;51;58;9;44;24
1019;29;47;4;13;46;23
1020;19;32;52;1;2;39
1021;42;55;51;43;2;33
1022;31;21;40;39;56;5
1023;45;40;2;7;18;8
1024;28;53;18;39;22;29
1025;52;40;29;27;28;10
1026;10;33;51;53;6;17
1027;20;18;47;44;60;33
1028;54;26;34;51;20;52
1029;17;5;16;24;20;32
1030;57;8;54;1;23;37
1031;49;33;24;40;46;43
1032;57;43;15;29;26;16
1033;39;6;5;33;54;17
1034;20;42;1;3;49;18
1035;51;60;1;11;59;26
1036;27;39;36;10;41;52
1037;56;36;4;44;46;53
1038;51;7;6;28;35;43
1039;52;2;20;27;36;24
1040;44;1;28;55;6;39
1041;12;10;36;54;44;57
1042;25;46;51;18;13;30
1043;25;14;51;48;60;21
1044;58;10;39;11;13;35
1045;31;6;5;17;50;1
1046;57;40;28;42;54;55
1047;1;2;10;48;14;8
1048;57;3;38;21;28;16
1049;34;17;52;5;2;29
1050;60;14;45;24;33;26
1051;57;11;7;43;10;13
1052;8;11;16;15;57;52
1053;15;42;27;53;34;49
1054;41;27;13;60;14;18
1055;27;32;15;12;20;16
;;;;;;
1056;38;8;50;53;59;6
1057;15;49;59;4;3;2
1058;20;51;57;45;24;18
1059;37;1;14;45;12;16
1060;1;41;3;18;16;42
1061;9;41;56;23;21;30
1062;55;8;2;37;23;33
1063;49;1;22;47;44;50
1064;28;4;19;16;49;29
1065;7;57;19;43;39;30
1066;10;43;49;32;25;6
1067;14;10;56;25;4;28
1068;44;48;25;57;27;47
1069;28;17;49;53;45;9
1070;41;53;8;23;5;16
;;;;;;
1071;5;37;43;7;53;54
1072;19;18;54;47;43;9
1073;44;36;32;8;34;25
1074;3;47;10;50;29;23
1075;53;39;16;21;10;12
1076;32;33;10;19;42;4
1077;11;6;18;5;37;9
;;;;;;
1078;3;6;45;34;41;43
1079;36;12;37;24;5;28
1080;56;11;20;41;34;18
1081;9;56;29;52;16;24
1082;4;40;50;17;55;38
1083;20;28;42;23;10;43
1084;20;5;29;59;40;33
1085;39;50;21;12;40;55
1086;45;4;6;23;10;2
;;;;;;
;;;;;;
;;;;;;
1087;36;46;28;32;3;20
1088;24;42;35;31;6;57
1089;37;48;32;2;18;20
1090;24;9;40;20;36;42
1091;27;56;17;24;49;23
1092;40;30;1;9;33;34
1093;27;49;38;23;41;19
1094;10;9;48;36;41;21
1095;27;23;36;10;21;16
1096;3;41;52;14;13;16
1097;21;48;33;1;56;17
1098;30;20;21;11;50;52
1099;55;44;38;35;14;31
1100;41;33;17;18;7;42
1101;7;12;57;6;24;10
1102;46;23;9;35;11;51
1103;41;19;10;28;55;56
1104;3;35;58;49;2;6
1105;43;1;50;28;57;15
1106;4;15;50;60;43;47
1107;36;20;54;9;3;53
1108;60;44;7;39;43;9
1109;11;52;14;6;29;8
1110;26;45;6;28;42;14
;;;;;;
1111;4;43;25;9;33;32
1112;4;34;52;32;58;43
1113;47;36;29;59;3;6
;;;;;;
1114;16;3;22;54;25;15
1115;44;41;18;50;37;30
1116;17;20;4;47;9;13
1117;27;35;40;1;6;17
1118;55;44;8;20;43;21
1119;44;54;41;45;34;10
1120;50;55;7;35;44;40
1121;18;4;59;54;56;17
1122;49;44;56;26;46;55
1123;19;4;39;14;45;60
1124;49;11;7;18;16;33
1125;7;42;56;29;33;3
1126;59;31;57;4;52;42
1127;24;8;14;5;29;30
;;;;;;
;;;;;;
1128;60;8;39;52;24;16
1129;47;19;17;12;32;55
1130;23;49;32;54;18;5
1131;49;34;36;1;16;8
1132;52;30;27;12;55;33
1133;16;5;58;39;10;21
1134;29;36;56;22;9;51
1135;5;4;19;39;6;23
1136;7;31;32;37;43;34
1137;21;28;19;25;50;43
1138;4;25;18;15;36;2
1139;36;42;37;9;28;31
1140;49;58;40;46;10;27
;;;;;;
1141;40;9;37;58;50;60
1142;28;31;15;58;3;26
1143;35;47;60;44;30;3
1144;19;10;49;18;1;44
1145;19;3;60;33;24;16
1146;10;34;53;33;28;6
1147;23;39;52;31;6;33
1148;48;32;29;55;27;28
1149;46;54;8;36;7;23
1150;28;17;35;52;31;15
1151;1;25;4;14;21;51
1152;47;36;44;29;20;14
1153;55;46;34;17;19;6
1154;4;14;21;26;12;28
1155;28;58;41;40;51;20
1156;31;49;44;24;9;48
1157;46;9;43;41;49;29
;;;;;;
;;;;;;
;;;;;;
1158;23;31;60;55;30;54
1159;53;46;5;6;34;55
1160;40;5;3;48;1;18
1161;48;47;7;4;42;51
1162;31;25;18;41;22;30
1163;5;51;31;53;47;17
1164;17;6;14;40;49;26
1165;20;52;60;42;54;40
1166;35;28;54;30;22;31
1167;43;28;56;20;52;51
1168;47;20;4;56;53;5
1169;14;1;11;23;42;48
1170;46;11;27;34;49;13
1171;41;3;10;30;57;13
1172;28;52;6;43;12;56
1173;7;25;24;36;5;47
1174;7;52;6;51;47;39
1175;2;3;12;37;47;16
1176;21;11;49;14;33;30
1177;33;52;55;47;38;50
1178;1;53;22;50;45;30
1179;59;28;47;60;22;5
1180;60;12;34;30;44;57
1181;44;18;45;31;26;20
1182;52;29;56;60;2;4
1183;12;5;10;20;29;37
;;;;;;
;;;;;;
;;;;;;
1184;4;23;27;28;9;30
1185;54;10;2;43;21;35
1186;41;12;15;7;13;8
1187;8;49;43;17;40;19
1188;60;52;59;9;44;20
1189;50;21;14;35;31;27
1190;11;53;56;37;10;19
;;;;;;
1191;25;22;11;16;33;3
1192;49;17;20;59;57;52
1193;12;54;2;32;14;9
1194;24;53;41;6;13;50
1195;27;17;57;26;55;20
1196;60;3;20;19;58;6
1197;39;54;36;37;60;49
1198;29;22;36;58;41;48
1199;58;28;23;39;16;19
1200;10;3;39;54;56;11
1201;36;32;55;49;60;28
1202;9;60;11;53;48;8
1203;55;30;33;9;7;38
1204;10;25;5;39;52;43
1205;14;4;26;35;29;13
1206;2;11;37;36;48;6
1207;32;35;22;9;56;11
1208;45;12;1;26;54;20
1209;30;17;38;14;5;35
1210;3;7;9;10;31;34
1211;36;54;3;31;15;48
;;;;;;
;;;;;;
;;;;;;
;;;;;;
;;;;;;
;;;;;;
1212;35;50;2;23;33;40
1213;3;53;45;11;34;26
1214;5;41;29;36;30;48
1215;47;51;10;50;30;25
1216;7;25;4;58;13;27
1217;5;43;28;15;11;50
1218;33;23;29;46;10;31
1219;34;37;41;53;2;33
1220;48;55;52;43;5;15
1221;46;5;58;37;14;43
1222;26;19;48;57;5;8
1223;17;15;48;42;35;47
1224;41;19;57;53;21;27
1225;32;55;34;31;50;40
1226;31;55;56;50;40;10
1227;35;31;4;30;54;28
1228;36;10;60;52;50;23
1229;12;49;60;32;30;40
1230;37;35;12;22;19;9
1231;20;27;49;5;23;39
1232;12;18;15;8;11;22
1233;49;22;59;29;32;54
1234;3;5;24;19;30;35
1235;16;49;55;20;10;26
1236;17;20;38;8;53;3
1237;26;21;39;5;18;59
1238;40;45;24;14;13;39
1239;15;1;48;37;39;52
1240;22;42;49;8;12;9
1241;13;26;25;10;28;45
1242;54;45;51;11;34;48
1243;32;19;23;57;9;29
1244;45;8;34;15;2;25
1245;34;10;37;50;43;2
;;;;;;
;;;;;;
;;;;;;
1246;59;10;37;57;40;43
1247;9;11;24;3;51;36
1248;20;33;58;34;57;60
1249;3;40;8;53;51;36
1250;59;1;2;40;51;24
1251;48;27;34;52;46;5
1252;35;2;51;14;49;39
1253;2;51;17;44;43;23
1254;9;29;18;7;14;39
1255;23;5;54;39;38;51
1256;26;38;33;35;53;43
1257;27;15;30;52;26;2
;;;;;;
1258;47;26;11;57;59;55
1259;39;54;58;46;4;6
1260;19;23;31;53;29;41
1261;10;41;14;22;53;42
1262;11;39;9;5;8;7
;;;;;;
1263;41;53;18;4;36;26
1264;56;17;37;51;4;36
1265;13;50;46;24;60;19
1266;39;6;42;10;60;33
1267;47;58;4;41;20;30
1268;17;53;60;44;16;3
1269;51;5;27;4;15;17
;;;;;;
1270;31;33;24;5;42;9
1271;2;52;39;59;48;1
1272;28;27;13;35;26;52
1273;60;26;19;58;13;40
1274;13;59;21;17;40;39
1275;58;55;14;2;60;48
1276;9;40;5;22;36;11
;;;;;;
1277;50;59;18;31;60;12
1278;4;16;24;56;25;30
1279;8;29;36;35;14;40
1280;29;6;54;10;20;16
1281;36;14;30;38;11;8
1282;4;39;56;23;52;55
1283;59;8;60;44;40;30
1284;26;21;20;36;31;29
1285;33;10;15;38;31;28
1286;5;52;2;33;51;28
1287;33;42;12;31;11;52
1288;42;32;56;40;30;17
1289;13;8;27;1;3;52
;;;;;;
1290;14;50;3;23;2;34
1291;18;57;58;40;47;54
1292;30;31;23;9;54;11
1293;24;50;1;44;13;40
1294;6;50;4;48;29;51
1295;20;2;43;15;5;57
1296;49;43;14;10;53;46
1297;2;56;11;5;59;13
1298;60;14;53;30;15;55
1299;56;32;8;22;43;53
1300;46;43;59;54;44;53
;;;;;;
1301;16;25;3;51;23;56
1302;44;15;56;2;10;57
1303;19;51;54;8;52;46
1304;35;23;15;7;20;14
1305;44;11;5;46;36;3
1306;45;6;19;34;43;22
1307;10;47;54;7;43;32
1308;24;33;7;30;47;8
1309;7;12;25;26;32;39
1310;14;8;53;9;59;32
1311;54;7;19;12;45;9
1312;28;30;29;22;20;5
1313;39;26;49;1;4;43
1314;42;44;52;58;60;38
1315;27;29;1;50;52;38
1316;48;34;25;42;13;8
1317;35;29;37;13;6;30
1318;34;46;14;28;11;16
1319;16;4;18;27;5;51
1320;38;17;55;41;24;25
1321;51;59;47;10;60;53
1322;55;43;21;10;47;53
1323;25;37;15;6;48;55
1324;29;44;51;31;18;57
1325;35;2;20;43;5;16
1326;30;19;10;18;50;11
1327;41;35;36;16;52;54
1328;43;27;59;53;23;10
1329;43;50;8;7;39;11
1330;48;8;21;18;49;30
1331;24;46;39;57;26;9
1332;5;13;3;24;35;59
1333;25;51;26;42;28;33
1334;8;25;27;6;10;1
1335;49;3;51;20;22;14
1336;51;54;32;1;38;47
1337;38;2;45;35;20;51
1338;19;33;18;43;60;1
1339;59;10;16;14;7;54
1340;36;21;13;59;60;30
1341;11;40;37;20;1;52
1342;5;60;46;42;50;7
1343;51;31;42;20;56;19
1344;19;42;8;36;21;59
;;;;;;
;;;;;;
1345;50;40;26;7;19;17
1346;59;47;32;48;40;12
1347;19;45;54;56;46;9
1348;38;45;39;7;12;56
1349;9;19;20;50;60;51
1350;4;36;29;55;45;3
;;;;;;
;;;;;;
;;;;;;
;;;;;;
1351;13;50;41;36;56;33
1352;35;59;36;9;18;24
1353;47;11;3;27;32;13
1354;2;42;8;49;48;38
1355;39;49;11;24;17;46
1356;21;46;6;22;13;31
1357;55;52;26;19;1;24
1358;16;15;37;3;35;47
1359;12;17;28;53;6;10
1360;50;25;17;16;54;2
;;;;;;
1361;37;27;44;30;38;23
1362;58;19;12;22;2;36
;;;;;;
;;;;;;
1363;52;25;42;45;35;57
1364;20;13;40;10;53;44
1365;50;35;32;26;2;24
1366;59;44;54;37;27;12
1367;38;29;43;13;7;2
1368;10;26;29;38;32;21
1369;32;24;16;38;5;46
1370;2;27;59;49;4;5
;;;;;;
1371;47;11;8;49;3;4
1372;46;60;58;36;40;3
1373;52;39;7;27;55;57
1374;21;33;28;31;43;6
1375;25;28;53;45;14;58
;;;;;;
1376;53;49;21;11;54;9
1377;25;5;13;12;35;2
1378;18;17;59;2;54;5
1379;45;5;36;12;50;58
1380;52;14;3;60;57;55
1381;44;30;27;11;40;57
1382;17;27;55;13;5;16
1383;9;55;23;44;7;46
1384;56;18;31;2;30;45
;;;;;;
1385;42;37;35;27;59;36
1386;39;56;28;12;51;38
1387;43;27;18;52;50;32
1388;54;31;50;43;29;22
1389;1;44;39;16;57;28
1390;29;27;19;4;28;31
;;;;;;
1391;19;7;12;34;53;40
1392;43;8;2;28;33;12
1393;44;28;18;24;4;39
1394;11;35;16;46;24;50
1395;5;44;11;19;17;48
1396;52;48;54;58;55;29
1397;15;56;3;27;4;7
1398;42;51;14;40;32;33
1399;39;43;60;57;34;56
;;;;;;
1400;34;26;9;43;54;53
1401;12;11;54;33;48;25
1402;38;10;27;2;21;9
1403;16;39;13;26;42;20
1404;7;32;31;51;27;8
1405;14;17;32;37;39;3
1406;7;10;38;17;24;57
1407;53;42;31;43;29;18
1408;43;39;20;19;24;4
1409;50;6;47;58;26;19
1410;54;29;18;42;40;50
1411;32;44;12;8;48;46
;;;;;;
1412;6;8;37;24;45;41
1413;54;33;13;55;45;15
1414;44;49;57;37;21;46
1415;51;49;46;40;36;26
1416;49;3;19;35;22;24
;;;;;;
1417;12;56;5;52;45;59
;;;;;;
;;;;;;
;;;;;;
1418;7;8;10;27;12;56
1419;52;21;48;58;30;17
1420;45;16;18;11;36;2
1421;31;39;59;19;53;44
1422;17;44;2;5;13;39
1423;43;8;21;27;3;25
;;;;;;
;;;;;;
1424;60;38;29;3;7;15
1425;7;29;50;16;38;36
1426;24;44;6;15;18;30
1427;47;44;53;56;8;39
1428;15;55;37;34;19;7
1429;9;22;60;48;12;39
1430;19;2;30;46;22;52
1431;33;54;40;5;9;13
1432;16;24;25;45;59;42
1433;14;46;40;13;4;52
1434;3;34;58;22;18;55
;;;;;;
1435;45;47;50;52;15;4
1436;1;23;13;30;24;57
1437;48;37;26;22;38;23
1438;49;7;33;31;36;14
;;;;;;
1439;35;55;2;43;34;42
1440;6;28;56;2;36;51
1441;56;29;53;36;38;17
1442;12;20;13;49;34;30
1443;52;32;12;54;20;48
1444;2;5;55;28;27;48
1445;41;32;19;58;5;49
1446;13;32;6;51;40;24
1447;1;41;28;33;39;19
1448;25;29;36;1;56;60
1449;2;18;30;56;52;6
1450;27;45;44;26;38;31
1451;57;10;33;2;11;52
1452;50;57;58;28;2;14
1453;47;32;25;57;6;13
1454;27;52;41;29;4;48
1455;33;14;52;36;32;41
;;;;;;
;;;;;;
1456;36;6;40;14;8;26
1457;34;16;46;15;42;59
1458;2;16;4;44;33;51
1459;2;6;35;30;52;34
1460;50;52;14;4;27;38
1461;44;31;49;54;36;47
1462;5;9;25;40;38;27
1463;40;22;13;29;48;28
1464;59;2;54;32;24;50
1465;11;6;53;44;16;26
1466;4;13;51;37;6;34
1467;41;53;26;23;52;24
1468;2;20;37;19;1;10
1469;4;56;54;13;35;58
1470;2;34;51;36;38;55
;;;;;;
1471;58;33;36;40;25;10
1472;12;23;25;18;45;50
1473;60;12;57;58;33;2
1474;2;43;11;1;3;28
1475;13;12;51;37;48;44
1476;26;10;4;37;47;57
1477;50;59;56;46;3;4
1478;10;40;27;47;55;37
1479;57;21;54;48;50;60
1480;9;14;26;36;52;21
1481;40;27;55;17;28;44
1482;11;9;6;34;41;53
1483;55;53;1;35;56;39
1484;49;29;17;53;20;24
1485;30;59;27;36;4;54
1486;10;1;34;54;6;40
1487;4;17;23;28;9;53
1488;4;51;45;22;38;25
1489;48;15;24;28;1;26
1490;31;32;43;3;52;1
1491;56;6;45;60;26;50
1492;48;44;46;4;18;9
1493;30;24;12;49;7;27
;;;;;;
1494;50;28;35;24;2;14
1495;13;49;4;44;14;57
1496;28;18;41;54;14;47
1497;58;7;27;45;4;5
1498;11;46;27;49;6;40
1499;26;37;8;22;54;33
1500;57;43;18;59;10;31
1501;13;37;54;7;29;1
1502;6;43;22;52;57;51
1503;36;22;42;3;16;4
1504;41;2;42;30;12;10
1505;32;1;6;9;16;2
1506;49;34;42;18;3;14
1507;46;24;51;50;56;52
1508;58;39;18;17;35;30
;;;;;;
1509;27;51;1;46;59;6
1510;1;8;44;17;46;53
1511;8;29;31;4;17;45
1512;35;11;28;46;42;58
1513;31;57;17;56;28;58
1514;23;16;17;59;42;60
1515;59;49;13;18;4;14
1516;34;60;18;45;4;20
1517;45;38;52;17;7;56
1518;28;8;55;41;48;9
1519;6;23;56;15;5;59
1520;36;46;48;31;7;35
1521;18;30;14;11;33;39
1522;33;5;23;32;8;56
1523;25;39;44;41;31;22
1524;40;53;12;46;2;52
1525;30;46;35;54;26;2
1526;51;47;28;10;59;16
1527;32;44;42;48;16;36
1528;4;13;58;36;19;15
1529;35;17;15;34;49;11
1530;53;10;28;16;48;33
;;;;;;
1531;24;41;12;42;44;13
1532;42;2;11;23;31;44
;;;;;;
;;;;;;
1533;29;21;47;57;13;34
1534;28;12;34;29;1;48
1535;55;25;9;8;54;41
1536;18;32;29;13;50;58
1537;6;56;33;50;51;10
1538;35;52;27;53;57;23
1539;10;49;8;58;20;26
1540;54;47;27;17;3;32
1541;37;5;24;44;49;58
1542;7;12;57;11;30;39
1543;30;7;23;20;15;41
1544;30;50;45;2;35;21
1545;6;48;11;45;4;24
1546;38;44;17;60;4;53
1547;28;21;9;10;2;18
1548;44;41;42;54;47;19
1549;32;53;16;20;12;10
1550;21;56;36;9;13;27
1551;2;23;38;15;21;19
1552;7;18;26;46;39;24
1553;29;21;20;46;22;60
1554;30;52;50;49;53;32
1555;5;52;59;2;33;23
1556;7;52;11;10;1;4
1557;46;18;16;45;31;4
1558;31;42;15;7;17;54
1559;37;58;12;29;8;16
1560;30;47;53;38;20;36
;;;;;;
;;;;;;
;;;;;;
1561;28;26;54;55;23;60
1562;12;10;51;37;23;47
1563;43;36;1;20;13;6
1564;54;44;38;25;46;53
1565;43;41;37;51;18;39
1566;11;32;60;5;6;36
1567;53;38;30;2;15;48
1568;28;58;19;24;42;25
1569;42;15;18;31;5;53
1570;18;46;42;15;56;24
1571;46;60;55;32;3;29
1572;46;42;27;45;20;47
1573;7;16;36;35;38;21
1574;6;28;33;48;46;27
1575;1;5;4;45;14;56
1576;26;30;21;15;13;46
1577;25;32;11;59;51;14
1578;6;53;56;30;37;3
1579;34;25;40;51;60;49
1580;1;6;14;17;33;36
;;;;;;
1581;31;34;15;14;25;30
1582;4;17;1;48;13;38
1583;18;2;9;47;17;45
1584;27;54;28;50;22;3
1585;55;47;43;48;49;2
1586;47;58;8;43;39;46
1587;8;21;19;30;52;56
1588;36;29;23;49;32;45
;;;;;;
1589;11;41;51;5;19;4
1590;40;7;44;55;34;20
1591;4;23;55;10;38;33
1592;41;49;36;42;31;38
1593;4;17;38;9;18;21
1594;53;43;23;6;7;8
1595;59;5;42;8;46;2
;;;;;;
1596;5;12;1;7;45;10
1597;16;52;5;44;10;50
1598;36;47;42;29;53;31
1599;35;10;15;58;36;3
1600;9;46;23;32;35;57
1601;60;24;56;45;10;8
1602;8;44;40;35;22;12
1603;13;53;20;31;60;27
1604;21;40;51;27;24;2
1605;42;30;9;19;31;21
1606;54;1;15;37;46;42
1607;32;41;51;7;31;52
1608;6;43;17;5;54;59
1609;2;26;6;13;53;60
1610;36;53;35;9;1;4
1611;24;51;50;28;58;47
1612;17;51;36;6;42;13
;;;;;;
1613;31;18;4;46;44;49
1614;49;27;43;17;14;21
1615;26;20;5;44;33;31
1616;46;40;58;31;28;42
1617;23;31;47;54;3;26
;;;;;;
1618;9;51;20;24;52;43
1619;46;17;5;42;47;8
1620;57;23;38;13;34;27
1621;24;22;38;49;10;39
1622;21;7;5;53;45;4
1623;33;56;59;43;50;49
1624;32;2;27;47;58;41
1625;45;11;22;52;36;40
1626;3;52;5;43;35;14
1627;26;57;20;32;45;41
1628;38;26;60;34;29;50
1629;47;20;35;4;59;24
1630;30;43;7;44;1;54
1631;47;48;44;60;4;29
1632;18;56;27;6;24;59
1633;2;11;49;13;36;1
1634;44;9;33;10;23;51
1635;30;32;51;8;28;23
1636;33;19;52;51;35;26
1637;5;56;24;55;1;47
1638;38;2;42;58;41;1
1639;35;51;34;49;16;29
;;;;;;
1640;6;18;46;23;31;2
;;;;;;
1641;51;30;29;33;46;23
1642;47;3;43;42;60;23
1643;19;20;16;60;28;37
1644;10;16;34;13;60;22
1645;31;37;21;38;8;18
1646;34;23;41;19;40;58
1647;38;54;23;12;17;53
1648;48;18;15;22;20;16
1649;54;33;24;44;38;42
1650;23;57;29;17;60;38
1651;27;44;8;35;38;41
1652;44;28;24;57;7;26
1653;45;22;27;21;1;32
1654;50;33;42;7;58;16
1655;56;46;7;24;28;53
;;;;;;
1656;6;4;43;54;56;11
1657;10;54;37;45;14;7
1658;7;40;19;49;11;23
1659;20;33;37;49;4;10
1660;17;38;42;51;34;8
1661;16;48;43;27;58;13
1662;57;10;25;14;33;29
;;;;;;
1663;20;27;49;40;55;18
1664;48;8;21;36;23;29
1665;20;11;16;1;56;5
;;;;;;
;;;;;;
;;;;;;
1666;51;27;1;23;45;2
1667;51;24;56;7;12;44
1668;47;40;55;57;52;5
1669;29;28;31;48;45;49
1670;1;33;30;17;47;19
1671;21;31;56;55;45;27
1672;20;10;1;5;42;3
1673;35;10;47;5;24;23
1674;42;59;30;58;50;22
1675;36;3;35;56;18;34
1676;2;1;37;51;48;11
1677;52;33;15;28;51;10
;;;;;;
1678;35;52;17;19;9;11
1679;28;2;1;46;27;47
1680;37;46;47;51;23;38
1681;1;33;8;11;6;50
1682;13;39;51;37;35;7
1683;48;4;12;34;32;33
1684;9;12;31;50;18;39
1685;39;46;18;51;31;3
1686;44;37;9;55;14;46
;;;;;;
;;;;;;
1687;15;58;24;37;46;49
1688;18;23;42;56;32;30
1689;41;2;53;5;13;27
;;;;;;
1690;24;45;53;35;26;21
1691;39;45;58;10;1;24
1692;44;56;13;14;27;11
1693;19;18;38;5;21;15
1694;34;29;20;37;57;45
1695;36;43;38;24;58;44
1696;12;1;31;37;17;46
1697;8;30;23;51;53;58
1698;24;44;28;13;45;11
1699;1;10;30;33;38;6
1700;58;41;48;50;15;18
1701;9;3;18;40;32;56
1702;39;52;17;35;19;33
1703;49;3;35;39;23;26
1704;11;7;59;51;32;1
1705;50;37;51;27;29;25
1706;12;31;34;48;36;56
1707;36;27;20;7;16;52
1708;38;50;29;45;17;32
1709;30;7;47;35;19;42
1710;59;56;7;28;21;58
1711;38;22;50;45;26;39
1712;50;19;59;2;29;12
1713;3;29;10;16;23;27
;;;;;;
1714;51;2;24;52;36;8
1715;20;16;35;40;60;53
1716;25;36;2;53;42;41
1717;9;58;16;44;2;37
1718;30;53;4;31;47;32
1719;44;22;31;54;34;1
1720;49;39;18;31;57;23
1721;12;33;4;38;36;19
1722;41;39;9;49;23;58
1723;27;60;30;14;46;52
1724;27;39;37;58;60;33
1725;26;31;30;18;16;34
1726;42;54;57;3;49;10
1727;4;6;41;40;19;20
1728;28;39;8;59;42;3
1729;53;14;44;7;23;43
1730;1;24;10;17;42;51
;;;;;;
1731;59;49;43;5;27;18
1732;25;60;34;53;45;38
1733;5;9;41;14;3;46
1734;52;29;17;41;12;25
1735;46;16;33;45;34;6
1736;13;32;12;41;24;29
1737;59;5;51;42;50;8
1738;53;46;28;48;37;12
1739;34;17;9;46;10;32
1740;38;15;47;25;10;53
1741;49;18;20;32;15;48
1742;23;27;21;19;52;11
1743;34;31;29;4;10;35
1744;12;9;56;29;14;42
1745;13;47;60;18;52;9
1746;37;40;6;58;41;18
1747;53;34;59;33;48;6
;;;;;;
1748;2;53;13;49;10;41
1749;33;13;14;3;43;29
1750;17;41;48;15;20;31
1751;42;22;51;23;57;15
1752;36;53;55;37;60;9
1753;54;8;45;29;35;15
1754;20;31;40;30;27;53
1755;48;5;30;18;8;2
1756;28;13;6;14;45;35
1757;43;13;28;56;37;25
1758;6;23;16;11;42;36
1759;2;14;21;60;22;51
1760;25;10;24;47;48;36
1761;53;36;10;9;50;55
1762;45;59;42;55;32;26
1763;21;9;15;36;12;31
1764;6;7;41;39;29;55
1765;1;28;56;37;6;58
1766;60;23;22;46;53;41
1767;44;26;39;35;16;45
1768;35;11;7;50;34;5
1769;32;44;54;60;47;37
1770;34;30;41;11;27;26
1771;38;2;27;28;32;20
1772;27;39;19;41;12;45
;;;;;;
1773;45;41;39;30;15;59
1774;1;52;30;60;20;12
1775;31;2;51;42;18;56
;;;;;;
;;;;;;
;;;;;;
;;;;;;
;;;;;;
1776;39;11;48;14;19;10
1777;55;4;44;38;19;52
1778;4;38;48;10;45;40
1779;25;56;30;12;39;57
1780;20;6;33;22;31;34
1781;22;8;52;1;53;49
;;;;;;
1782;34;57;47;18;6;52
1783;38;16;21;4;18;6
1784;30;15;54;55;26;4
1785;27;5;42;54;41;11
1786;34;8;2;21;25;6
1787;1;29;13;25;5;26
;;;;;;
1788;42;45;56;13;3;59
1789;57;59;6;25;43;58
1790;28;13;11;26;50;27
1791;55;12;50;18;53;46
1792;47;41;18;17;2;16
1793;56;13;22;54;14;58
1794;1;5;37;60;34;40
1795;55;50;42;58;47;30
1796;54;22;48;34;23;53
1797;2;57;35;13;54;14
1798;9;28;45;2;23;53
1799;53;1;3;4;51;39
1800;31;56;16;6;11;19
1801;19;45;43;6;54;34
1802;6;14;2;17;44;13
1803;4;29;8;49;38;50
1804;20;50;48;59;28;21
1805;17;49;27;22;57;31
1806;11;42;55;58;35;20
1807;43;15;22;1;16;25
1808;20;25;45;2;41;14
1809;23;12;54;46;9;24
1810;56;10;43;50;1;25
1811;32;37;5;35;17;57
1812;45;34;23;20;37;32
1813;51;9;13;15;19;11
1814;53;51;27;11;46;9
1815;60;8;25;39;41;11
;;;;;;
;;;;;;
1816;12;10;46;28;22;5
1817;47;1;26;55;39;4
1818;10;53;15;2;6;56
1819;37;26;18;30;33;17
1820;27;19;23;3;45;40
1821;53;31;19;52;36;22
;;;;;;
1822;22;53;26;1;43;50
1823;54;34;59;21;9;4
1824;19;30;60;12;6;5
1825;21;54;10;50;51;11
1826;43;48;32;19;17;51
1827;43;33;53;26;54;42
1828;40;32;11;6;59;48
1829;53;32;30;7;24;13
1830;29;3;54;7;37;60
1831;55;15;48;32;28;27
1832;34;47;57;56;14;46
1833;2;42;3;27;16;7
1834;2;22;51;24;48;17
1835;50;36;8;28;47;58
1836;59;18;45;60;8;15
1837;41;48;57;50;44;54
1838;59;24;30;8;57;5
1839;28;32;22;56;58;7
1840;33;41;48;15;17;47
1841;6;51;13;38;49;3
1842;18;43;22;24;16;34
1843;28;26;33;41;8;54
1844;4;3;37;39;48;50
1845;9;3;29;13;30;51
1846;49;26;30;34;24;6
1847;45;1;57;49;50;6
1848;58;41;50;40;9;55
1849;35;27;3;11;44;5
1850;24;32;23;40;41;38
1851;35;22;8;37;21;18
1852;29;13;49;50;45;17
1853;2;41;39;1;34;45
1854;59;30;43;31;34;25
1855;6;38;24;39;15;10
1856;14;9;2;32;22;37
1857;53;35;52;25;23;13
1858;55;30;28;59;33;22
1859;13;26;1;21;14;51
1860;10;40;30;44;36;60
1861;45;9;60;2;35;4
1862;8;49;35;42;56;2
;;;;;;
1863;23;45;16;58;59;56
1864;5;4;37;40;60;14
1865;42;5;32;37;1;31
1866;14;36;60;38;17;44
1867;3;43;21;17;22;10
1868;25;5;31;1;28;23
1869;11;26;24;52;40;23
1870;30;40;33;18;20;32
1871;17;58;33;52;11;3
1872;39;11;56;46;13;25
1873;25;5;53;28;41;54
1874;43;28;10;37;47;44
1875;53;45;47;1;52;55
1876;7;18;51;41;44;39
1877;35;13;32;16;24;23
1878;56;26;40;16;57;12
1879;20;58;10;59;57;5
1880;19;51;56;16;5;37
1881;30;10;53;44;3;56
1882;41;35;37;10;19;9
1883;28;59;16;47;27;60
1884;38;1;32;4;23;59
1885;59;7;18;23;32;14
1886;7;40;54;15;3;45
1887;23;56;41;46;34;11
1888;48;1;18;45;17;10
;;;;;;
1889;30;25;23;44;28;16
1890;5;24;51;22;11;53
;;;;;;
;;;;;;
;;;;;;
;;;;;;
;;;;;;
1891;47;1;3;19;23;58
1892;50;22;6;37;30;17
1893;17;58;45;19;28;16
1894;31;35;57;54;21;53
1895;3;5;2;34;10;15
1896;25;6;14;21;3;15
1897;52;9;58;47;22;25
1898;53;12;58;55;34;45
1899;48;35;44;23;36;20
1900;46;11;8;43;28;27
1901;30;53;26;11;37;12
1902;25;18;2;21;9;7
;;;;;;
;;;;;;
1903;9;43;10;15;45;28
1904;21;18;56;15;51;12
1905;43;54;29;57;35;56
1906;27;40;33;6;39;60
1907;3;48;44;35;25;38
1908;10;27;57;13;23;4
1909;47;43;45;40;57;11
1910;9;6;39;15;22;48
1911;32;16;33;23;18;30
1912;42;10;33;36;13;35
1913;14;56;52;17;4;43
1914;39;33;29;16;44;42
1915;57;21;2;33;20;48
1916;3;50;18;23;9;52
1917;4;36;25;21;46;33
1918;22;17;50;38;20;16
1919;60;28;54;37;45;11
1920;39;45;31;25;43;33
1921;19;10;16;15;28;35
1922;20;41;22;36;43;38
1923;46;34;59;45;9;42
1924;16;52;53;58;30;12
1925;47;43;38;1;17;45
1926;46;3;2;30;14;20
1927;11;5;30;31;13;19
1928;28;51;59;26;53;10
1929;10;52;23;36;3;43
1930;17;56;37;52;18;4
1931;34;8;2;15;9;22
1932;55;21;16;44;29;10
1933;15;19;35;59;14;2
1934;56;39;35;8;23;59
1935;24;17;10;1;3;23
;;;;;;
;;;;;;
1936;51;40;52;24;12;3
1937;10;29;24;43;6;55
1938;10;54;42;16;40;32
1939;39;29;24;52;7;45
1940;36;16;9;47;13;17
1941;38;1;9;48;49;24
1942;48;20;43;18;6;24
1943;43;11;39;9;30;12
1944;8;57;47;39;9;59
1945;8;54;21;10;45;4
1946;6;39;4;44;52;60
1947;52;59;55;40;8;33
1948;28;33;20;24;57;12
1949;30;1;14;56;22;6
1950;32;21;10;48;34;57
1951;55;14;16;21;33;19
1952;9;21;53;36;52;38
1953;45;29;42;9;43;26
1954;40;9;49;25;35;33
1955;15;41;45;33;36;27
1956;20;40;28;5;8;45
1957;23;47;29;2;14;22
1958;55;34;22;20;24;15
1959;56;43;21;8;27;35
1960;43;39;18;25;37;1
1961;50;30;25;17;32;26
1962;39;5;6;53;15;25
1963;34;60;5;4;7;42
1964;32;27;48;36;2;50
1965;28;26;55;38;48;35
1966;19;10;32;60;13;40
1967;32;39;13;54;30;46
1968;35;48;44;39;36;52
1969;30;59;20;32;8;48
1970;10;18;24;5;39;52
1971;54;10;52;41;44;4
1972;20;9;59;54;16;57
1973;17;16;60;12;52;1
1974;19;57;38;54;4;27
1975;8;24;47;26;11;57
1976;52;14;19;12;59;25
1977;28;3;32;34;37;16
1978;6;2;57;22;55;44
1979;38;23;45;32;29;22
1980;18;16;12;34;37;17
1981;15;6;39;19;37;53
1982;46;24;20;4;50;14
1983;14;22;6;5;10;36
1984;43;32;21;50;35;29
